Variable,Chi-2,p-value
Type_Residence,546.9131794704884,5.908842571930711e-121
Niveau_Education,1859.3198951554264,0.0
Indice_Richesse,1085.230057959329,1.2038671701111384e-233
