Metric,Score (%)
Accuracy,73.67736339982653
AUC,77.22477764409203
F1-Score,54.53183520599251
